[
    {
        "product_type":"LOANS",
        "heading":[
            {"title":"Loan Amount","field":"loan_amount","symbol":"currency"},
            {"title":"Rate of Interest","field":"int_rate","symbol":"% Monthly"},
            {"title":"Tenure","field":"tenure","symbol":" Years"}
        ]
    },
    {
        "product_type":"COMMERCIAL LOANS",
        "heading":[
            {"title":"Loan Amount","field":"loan_amount","symbol":"currency"},
            {"title":"Rate of Interest","field":"int_rate","symbol":"% Monthly"},
            {"title":"Tenure","field":"tenure","symbol":" Years"}
        ]
    },
    {
        "product_type":"CARDS",
        "heading":[
            {"title":"Product Name","field":"prod_name","symbol":""},
            {"title":"Card Type","field":"prod_type","symbol":""},
            {"title":"Card Limit","field":"loan_amount","symbol":"currency"}
        ]
    },
    {
        "product_type":"INSURANCE",
        "heading":[
            {"title":"Product Name","field":"prod_name","symbol":""},
            {"title":"Sum insured","field":"loan_amount","symbol":"currency"},
            {"title":"Tenure","field":"tenure","symbol":" Years"}
        ]
    },
    {
        "product_type":"DEPOSITS",
        "heading":[
            {"title":"Product Name","field":"prod_name","symbol":""},
            {"title":"Deposit Amount","field":"loan_amount","symbol":"currency"},
            {"title":"Tenure","field":"tenure","symbol":" Years"}
        ]
    },
    {
        "product_type":"OVERDRAFT",
        "heading":[
            {"title":"Product Name","field":"prod_name","symbol":""},
            {"title":"Minimum Balance","field":"loan_amount","symbol":"currency"},
            {"title":"Rate of Interest","field":"int_rate","symbol":"% Monthly"}
        ]
    },
    {
        "product_type":"SAVINGS",
        "heading":[
            {"title":"Product Name","field":"prod_name","symbol":""},
            {"title":"Minimum Balance","field":"loan_amount","symbol":"currency"},
            {"title":"Rate of Interest","field":"int_rate","symbol":"% Monthly"}
        ]
    },
    {
        "product_type":"CURRENT",
        "heading":[
            {"title":"Product Name","field":"prod_name","symbol":""},
            {"title":"Minimum Balance","field":"loan_amount","symbol":"currency"},
            {"title":"Rate of Interest","field":"int_rate","symbol":"% Monthly"}
        ]
    }
]