[
    {
        "section_name": "Personal Details",
        "section_id": "personal_details",
        "field_list": [
            {
                "form_id": "basicform",
                "form_name": "Basic form",
                "section_id": "personal_details",
                "section_name": "Personal Details",
                "field_id": "firstname",
                "field_name": "First name",
                "field_help_info": "",
                "field_type": "text",
                "error_msg": "",
                "select_ref_type": "",
                "allowed_field_format": "B",
                "is_mandatory": "Y",
                "condition": "",
                "dependant_section_id": "",
                "dependant_field_id": "",
                "dependant_field_logic": "",
                "logic_value": ""
            },
            {
                "form_id": "basicform",
                "form_name": "Basic form",
                "section_id": "personal_details",
                "section_name": "Personal Details",
                "field_id": "city",
                "field_name": "City",
                "field_help_info": "",
                "field_type": "select",
                "error_msg": "",
                "select_ref_type": "CITY",
                "allowed_field_format": "B",
                "is_mandatory": "N",
                "condition": "",
                "dependant_section_id": "",
                "dependant_field_id": "",
                "dependant_field_logic": "",
                "logic_value": ""
            },
            {
                "field_name": "Martial status",
                "field_id": "",
                "field_type": "select",
                "field_value": "existingcode",
                "field_help_info": "Select marital status",
                "is_mandatory": "N",
                "error_msg": "Please enter marital status",
                "select_ref_type": "MARIT",
                "dependant_section_id": "",
                "dependant_field_id": "",
                "dependant_field_name": "",
                "allowed_field_format": "B",
                "defined_code": "",
                "condition": "",
                "dependant_field_logic": "",
                "logic_value": ""
            }
        ]
    }
]