[
 	{
        "title": "SCHEME DETAILS",
        "section": "schm_details",
        "field_list" : [
            
	    {
                "field_id": "schm_type",
                "field_label": "Scheme Type",
                "mandatory": "N",
                "field_type": "select",
                "place_holder": "Please select scheme type",
                "options": [
                    {"value" : "tier2","key": "GLICO MASTER TRUST OCCUPATIONAL PENSION SCHEME (TIER 2)"},
                    {"value" : "tier3","key": "GLICO MASTER TRUST PROVIDENT FUND SCHEME (TIER 3)"}],
                "pattern_error":"Please select scheme type",
                "exist": "N"
            },
	    {
                "field_id": "claim_type",
                "field_label": "Claim Type",
                "mandatory": "N",
                "field_type": "select",
                "place_holder": "Please select claim type",
                "options": [
                    {"key" : "Normal Retirement","value": "Normal Retirement"},
                    {"key" : "Withdrawal","value": "Withdrawal"},
                    {"key" : "Total Incapacity","value": "Total Incapacity"},
                    {"key" : "Transfer (i.e to another scheme)","value": "Transfer"},
                    {"key" : "Early Retirement","value": "Early Retirement"},
                    {"key" : "Partial Withdrawal","value": "Partial Withdrawal"},
                    {"key" : "Survivor’s Benefit","value": "Survivor’s Benefit"},
                    {"key" : "Permanent emigration from Ghana","value": "Permanent emigration from Ghana"}],
                "pattern_error":"Please select claim type",
                "exist": "N"
            }
        ]
    },
    {
        "title": "EMPLOYER DETAILS",
        "section": "empl_dtls",
        "field_list" : [
            {
                "field_id": "empl_name",
                "field_label": "Company Name",
                "mandatory": "N",
                "field_type": "input",
                "place_holder": "Please enter Company name",
                "valid_pattern": "[a-zA-Z ]*",
                "pattern_error": "Please enter Company name",
                "exist": "N"
            },
	    {
                "field_id": "ind_type",
                "field_label": "Industry Type",
                "mandatory": "N",
                "field_type": "select",
                "place_holder": "Please select industry",
                "options": [
                    {"key" : "Agriculture","value": "Agri"},
                    {"key" : "Banking & Finance","value": "BFSI"},
                    {"key" : "Commerce","value": "Comm"},
                    {"key" : "Construction","value": "Con"},
                    {"key" : "Education","value": "Edu"},
                    {"key" : "Healthcare","value": "Health"},
                    {"key" : "Hospitality","value": "Hospi"},
                    {"key" : "Manufacturing","value": "Manu"},
                    {"key" : "Mining","value": "Mine"},
                    {"key" : "Transport","value": "Trans"},
                    {"key" : "ICT","value": "ICT"},
                    {"key" : "OIL & GAS","value": "oil"},
                    {"key" : "Others","value": "oth"}
		],
                "pattern_error":"Please select industry type",
                "exist": "N"
            },
	    {
                "field_id": "ssn_id",
                "field_label": "Social Security Number",
                "mandatory": "N",
                "field_type": "input",
                "place_holder": "Please enter the social security number",
                "valid_pattern": "[0-9]{9,18}",
                "pattern_error": "Please enter the social security number",
                "exist": "N"
            },
	    {
                "field_id": "bin",
                "field_label": "BIN",
                "mandatory": "N",
                "field_type": "input",
                "place_holder": "Please enter the BIN",
                "valid_pattern": "[0-9]{9,18}",
                "pattern_error": "Please enter the BIN",
                "exist": "N"
            },
	    {
                "field_id": "tin",
                "field_label": "Tax Identification Number",
                "mandatory": "N",
                "field_type": "input",
                "place_holder": "Please enter the TIN",
                "valid_pattern": "[0-9]{9,18}",
                "pattern_error": "Please enter the TIN",
                "exist": "N"
            },
	    {
                "field_id": "bus_dob",
                "field_label": "Commencement of Business",
                "mandatory": "N",
                "field_type": "date",
                "place_holder": "Please select business start date",
                "pattern_error":"",
                "exist": "N"
            },
	    {
                "field_id": "prev_trust",
                "field_label": "Do you have a previous Trustee?",
                "mandatory": "N",
                "field_type": "select",
                "place_holder": "Please select",
                "options": [{"key" : "Yes","value": "Y"},{"key" : "No","value": "N"}],
                "pattern_error":"",
                "exist": "N"
            },
	    {
                "field_id": "empl_loc",
                "field_label": "Office Location",
                "mandatory": "N",
                "field_type": "input",
                "place_holder": "Please enter office location",
                "pattern_error":"",
                "exist": "N"
            },
            {
                "field_id": "post_add",
                "field_label": "Postal Address",
                "mandatory": "N",
                "field_type": "input",
                "place_holder": "Please enter the postal address",
                "valid_pattern": "[a-zA-Z ]*",
                "pattern_error": "Please enter the postal address",
                "exist": "N"
            },
	    {
                "field_id": "empl_email",
                "field_label": "Email",
                "mandatory": "N",
                "field_type": "input",
                "place_holder": "Please enter the email address",
                "valid_pattern": "[a-zA-Z ]*",
                "pattern_error": "Please enter the email address",
                "exist": "N"
            },
	    {
                "field_id": "empl_phone",
                "field_label": "Phone",
                "mandatory": "N",
                "field_type": "input",
                "place_holder": "Please enter the phone",
                "valid_pattern": "[0-9]{9,18}",
                "pattern_error": "Please enter the phone",
                "exist": "N"
            }
	    
	]
    },
    {
        "title": "CONTACT PERSON",
        "section": "cont_details",
        "field_list" : [
            {
                "field_id": "cont_name",
                "field_label": "First Name",
                "mandatory": "Y",
                "field_type": "input",
                "place_holder": "Please enter first name",
                "valid_pattern": "[a-zA-Z ]*",
                "pattern_error": "Please enter valid first name",
                "exist": "N"
            },
            {
                "field_id": "cont_last_name",
                "field_label": "Surname",
                "mandatory": "Y",
                "field_type": "input",
                "place_holder": "Please enter last name",
                "valid_pattern": "[a-zA-Z ]*",
                "pattern_error": "Please enter valid last name",
                "exist": "N"
            },
	    {
                "field_id": "cont_address",
                "field_label": "Contact Address",
                "mandatory": "N",
                "field_type": "input",
                "place_holder": "Please enter address",
                "pattern_error":"",
                "exist": "N"
            },
	    {
                "field_id": "cont_email",
                "field_label": "Email",
                "mandatory": "N",
                "field_type": "input",
                "place_holder": "Please enter the email address",
                "valid_pattern": "[a-zA-Z ]*",
                "pattern_error": "Please enter the email address",
                "exist": "N"
            },
	    {
                "field_id": "cont_phone",
                "field_label": "Phone",
                "mandatory": "N",
                "field_type": "input",
                "place_holder": "Please enter the phone",
                "valid_pattern": "[0-9]{9,18}",
                "pattern_error": "Please enter the phone",
                "exist": "N"
            }
        ]
    },
    {
        "title": "CONTRIBUTION DETAILS",
        "section": "contrib_details",
        "field_list" : [
	    {
                "field_id": "num_contrib",
                "field_label": "Number of Contributors",
                "mandatory": "N",
                "field_type": "input",
                "place_holder": "Please enter contributors",
                "valid_pattern": "[0-9]{1,2}",
                "pattern_error":"Please enter contributors",
                "exist": "N"
            },
	    {
                "field_id": "tot_contrib",
                "field_label": "Total Contributions",
                "mandatory": "N",
                "field_type": "input",
                "place_holder": "Please enter total contributions",
                "valid_pattern": "[0-9]{1,2}",
                "pattern_error":"Please enter total contributions",
                "exist": "N"
            },
	    {
                "field_id": "emp_contib",
                "field_label": "Employee Contribution Rate",
                "mandatory": "N",
                "field_type": "input",
                "place_holder": "Please enter the rate",
                "valid_pattern": "[0-9]{1,2}",
                "pattern_error":"Please enter the rate",
                "exist": "N"
            },
	    {
                "field_id": "empl_contib",
                "field_label": "Employer Contribution Rate",
                "mandatory": "N",
                "field_type": "input",
                "place_holder": "Please enter the rate",
                "valid_pattern": "[0-9]{1,2}",
                "pattern_error":"Please enter the rate",
                "exist": "N"
            }

        ]
    }

]
