[
    {
        "title": "PERSONAL DETAILS",
        "section": "personal_details",
        "field_list" : [
            {
                "field_id": "surname",
                "field_label": "Surname",
                "mandatory": "N",
                "field_type": "input",
                "place_holder": "Please enter surname",
                "valid_pattern": "[a-zA-Z ]*",
                "pattern_error": "Please enter valid surname",
                "exist": "N"
            },
            {
                "field_id": "first_name",
                "field_label": "First Name",
                "mandatory": "Y",
                "field_type": "input",
                "place_holder": "Please enter first name",
                "valid_pattern": "[a-zA-Z ]*",
                "pattern_error": "Please enter valid first name",
                "exist": "Y"
            },
            {
                "field_id": "last_name",
                "field_label": "Last Name",
                "mandatory": "N",
                "field_type": "input",
                "place_holder": "Please enter last name",
                "valid_pattern": "[a-zA-Z ]*",
                "pattern_error": "Please enter valid last name",
                "exist": "Y"
            },
            {
                "field_id": "dob",
                "field_label": "Date of Birth",
                "mandatory": "N",
                "field_type": "date",
                "place_holder": "Please select date of birth",
                "pattern_error":"",
                "exist": "Y"
            },
            {
                "field_id": "gender",
                "field_label": "Gender",
                "mandatory": "N",
                "field_type": "select",
                "place_holder": "Please select gender",
                "options": [{"key" : "Male","value": "M"},{"key" : "Female","value": "F"}],
                "pattern_error":"",
                "exist": "Y"
            },
            {
                "field_id": "age",
                "field_label": "Age",
                "mandatory": "N",
                "field_type": "input",
                "place_holder": "Please enter identity document number",
                "valid_pattern": "[a-zA-Z0-9]*",
                "pattern_error": "Please enter valid identity document number",
                "exist": "Y"
            },
            {
                "field_id": "identity_number",
                "field_label": "Identity Document Number",
                "mandatory": "N",
                "field_type": "input",
                "place_holder": "Please enter identity document number",
                "valid_pattern": "[a-zA-Z0-9]*",
                "pattern_error": "Please enter valid identity document number",
                "exist": "Y"
            }
        ]
    },
    {
        "title": "ADDRESS DETAILS",
        "section": "address_details",
        "field_list" : [
            {
                "field_id": "document_number",
                "field_label": "Document Number",
                "mandatory": "N",
                "field_type": "input",
                "place_holder": "Please enter document number",
                "pattern_error":"",
                "exist": "Y"
            },
            {
                "field_id": "address_line1",
                "field_label": "Address Line 1",
                "mandatory": "N",
                "field_type": "input",
                "place_holder": "Please enter address",
                "pattern_error":"",
                "exist": "Y"
            },
            {
                "field_id": "address_line2",
                "field_label": "Address Line 2",
                "mandatory": "N",
                "field_type": "input",
                "place_holder": "Please enter address",
                "pattern_error":"",
                "exist": "Y"
            },
            {
                "field_id": "city",
                "field_label": "City",
                "mandatory": "N",
                "field_type": "select",
                "place_holder": "Please select city",
                "options": [],
                "pattern_error":"",
                "exist": "Y"
            },
            {
                "field_id": "country",
                "field_label": "Country",
                "mandatory": "N",
                "field_type": "select",
                "place_holder": "Please select country",
                "options": [],
                "pattern_error":"",
                "exist": "Y"
            },
            {
                "field_id": "pincode",
                "field_label": "PIN Code",
                "mandatory": "N",
                "field_type": "input",
                "place_holder": "Please enter PIN Code",
                "pattern_error":"",
                "exist": "Y"
            }
        ]
    },
    {
        "title": "DETAILS",
        "section": "details",
        "field_list" : [
            {
                "field_id": "claim_type",
                "field_label": "Claim Type",
                "mandatory": "N",
                "field_type": "select",
                "place_holder": "Please select claim type",
                "options": [
                    {"key" : "Normal Retirement","value": "Normal Retirement"},
                    {"key" : "Withdrawal","value": "Withdrawal"},
                    {"key" : "Total Incapacity","value": "Total Incapacity"},
                    {"key" : "Transfer (i.e to another scheme)","value": "Transfer"},
                    {"key" : "Early Retirement","value": "Early Retirement"},
                    {"key" : "Partial Withdrawal","value": "Partial Withdrawal"},
                    {"key" : "Survivor’s Benefit","value": "Survivor’s Benefit"},
                    {"key" : "Permanent emigration from Ghana","value": "Permanent emigration from Ghana"}],
                "pattern_error":"",
                "exist": "N"
            },
            {
                "field_id": "document_enclosed",
                "field_label": "Document Enclosed",
                "mandatory": "N",
                "field_type": "select",
                "place_holder": "Please select document",
                "options": [
                    {"key" : "Letter from Employer stating member has retired","value": "Letter from Employer stating member has retired"},
                    {"key" : "SSNIT Benefit Payment Advice","value": "SSNIT Benefit Payment Advice"},
                    {"key" : "Others","value": "Others"}
                    ],
                "pattern_error":"",
                "exist": "N"
            }
        ]
    },
    {
        "title": "BANK DETAILS",
        "section": "bank_details",
        "field_list" : [
            {
                "field_id": "bank_name",
                "field_label": "Bank",
                "mandatory": "N",
                "field_type": "input",
                "place_holder": "Please enter bank name",
                "pattern_error": "Please enter valid bank name",
                "exist": "N"
            },
            {
                "field_id": "branch",
                "field_label": "Branch",
                "mandatory": "N",
                "field_type": "input",
                "place_holder": "Please enter branch name",
                "pattern_error": "Please enter valid branch name",
                "exist": "N"
            },
            {
                "field_id": "acc_name",
                "field_label": "Account Name",
                "mandatory": "N",
                "field_type": "input",
                "place_holder": "Please enter account name",
                "pattern_error":"",
                "exist": "N"
            },
            {
                "field_id": "acct_number",
                "field_label": "Account Number",
                "mandatory": "N",
                "field_type": "input",
                "place_holder": "Please enter Account Number",
                "valid_pattern": "[0-9]{9,18}",
                "pattern_error": "Please enter valid account number",
                "exist": "N"
            }
        ]
    }
]