[
    {
        "title": "PERSONAL DETAILS",
        "section": "personal_details",
        "field_list" : [
            {
                "field_id": "first_name",
                "field_label": "First Name",
                "mandatory": "Y",
                "field_type": "input",
                "place_holder": "Please enter first name",
                "valid_pattern": "[a-zA-Z ]*",
                "pattern_error": "Please enter valid first name",
                "exist": "Y"
            },
            {
                "field_id": "last_name",
                "field_label": "Last Name",
                "mandatory": "N",
                "field_type": "input",
                "place_holder": "Please enter last name",
                "valid_pattern": "[a-zA-Z ]*",
                "pattern_error": "Please enter valid last name",
                "exist": "Y"
            },
            {
                "field_id": "gender",
                "field_label": "Gender",
                "mandatory": "N",
                "field_type": "select",
                "place_holder": "Please select gender",
                "options": [{"key" : "Male","value": "M"},{"key" : "Female","value": "F"}],
                "pattern_error":"",
                "exist": "Y"
            },
            {
                "field_id": "dob",
                "field_label": "Date of Birth",
                "mandatory": "N",
                "field_type": "date",
                "place_holder": "Please select date of birth",
                "pattern_error":"",
                "exist": "Y"
            },
            {
                "field_id": "identity_number",
                "field_label": "Identity Document Number",
                "mandatory": "N",
                "field_type": "input",
                "place_holder": "Please enter identity document number",
                "valid_pattern": "[a-zA-Z0-9]*",
                "pattern_error": "Please enter valid identity document number",
                "exist": "Y"
            },
            {
                "field_id": "marital_status",
                "field_label": "Marital Status",
                "mandatory": "N",
                "field_type": "select",
                "place_holder": "Please select marital status",
                "options": [{"key" : "Single","value": "S"},{"key" : "Married","value": "M"},{"key" : "Unmarried","value": "U"},{"key" : "Divorced","value": "D"}],
                "pattern_error":"",
                "exist": "Y"
            }
        ]
    },
    {
        "title": "ADDRESS DETAILS",
        "section": "address_details",
        "field_list" : [
            {
                "field_id": "document_number",
                "field_label": "Document Number",
                "mandatory": "N",
                "field_type": "input",
                "place_holder": "Please enter document number",
                "pattern_error":"",
                "exist": "Y"
            },
            {
                "field_id": "address_line1",
                "field_label": "Address Line 1",
                "mandatory": "N",
                "field_type": "input",
                "place_holder": "Please enter address",
                "pattern_error":"",
                "exist": "Y"
            },
            {
                "field_id": "address_line2",
                "field_label": "Address Line 2",
                "mandatory": "N",
                "field_type": "input",
                "place_holder": "Please enter address",
                "pattern_error":"",
                "exist": "Y"
            },
            {
                "field_id": "city",
                "field_label": "City",
                "mandatory": "N",
                "field_type": "select",
                "place_holder": "Please select city",
                "options": [],
                "pattern_error":""
            },
            {
                "field_id": "country",
                "field_label": "Country",
                "mandatory": "N",
                "field_type": "select",
                "place_holder": "Please select country",
                "options": [],
                "pattern_error":"",
                "exist": "Y"
            },
            {
                "field_id": "pincode",
                "field_label": "PIN Code",
                "mandatory": "N",
                "field_type": "input",
                "place_holder": "Please enter PIN Code",
                "pattern_error":"",
                "exist": "Y"
            }
        ]
    },
    {
        "title": "TAX DETAILS",
        "section": "tax_details",
        "field_list" : [
            {
                "field_id": "pan_number",
                "field_label": "PAN Number",
                "mandatory": "N",
                "field_type": "input",
                "place_holder": "Please enter PAN Number",
                "valid_pattern": "[A-Z]{5}[0-9]{4}[A-Z]",
                "pattern_error": "Please enter valid PAN number",
                "exist": "N"
            },
            {
                "field_id": "acct_number",
                "field_label": "Salary Account Number",
                "mandatory": "N",
                "field_type": "input",
                "place_holder": "Please enter Salary Account Number",
                "valid_pattern": "[0-9]{9,18}",
                "pattern_error": "Please enter valid salary account",
                "exist": "N"
            },
            {
                "field_id": "bank_name",
                "field_label": "Bank Name",
                "mandatory": "N",
                "field_type": "input",
                "place_holder": "Please enter bank name",
                "pattern_error":"",
                "exist": "N"
            }
        ]
    },
    {
        "title": "EMPLOYMENT DETAILS",
        "section": "employment_details",
        "field_list" : [
            {
                "field_id": "role",
                "field_label": "Role",
                "mandatory": "N",
                "field_type": "input",
                "place_holder": "Please enter role",
                "pattern_error":"",
                "exist": "N"
            },
            {
                "field_id": "employer_name",
                "field_label": "Organization",
                "mandatory": "N",
                "field_type": "input",
                "place_holder": "Please enter organization",
                "pattern_error":"",
                "exist": "N"
            },
            {
                "field_id": "gross_salary",
                "field_label": "Gross Salary",
                "mandatory": "N",
                "field_type": "input",
                "place_holder": "Please enter gross salary",
                "pattern_error":"",
                "exist": "N"
            }
        ]
    }
]