[
   {
        "title": "SCHEME DETAILS",
        "section": "schm_details",
        "field_list" : [
            
	    {
                "field_id": "schm_type",
                "field_label": "Scheme Type",
                "mandatory": "N",
                "field_type": "select",
                "place_holder": "Please select scheme type",
                "options": [
                    {"value" : "tier2","key": "GLICO MASTER TRUST OCCUPATIONAL PENSION SCHEME (TIER 2)"},
                    {"value" : "tier3","key": "GLICO MASTER TRUST PROVIDENT FUND SCHEME (TIER 3)"}],
                "pattern_error":"Please select scheme type",
                "exist": "N"
            },
	    {
                "field_id": "claim_type",
                "field_label": "Claim Type",
                "mandatory": "N",
                "field_type": "select",
                "place_holder": "Please select claim type",
                "options": [
                    {"key" : "Normal Retirement","value": "Normal Retirement"},
                    {"key" : "Withdrawal","value": "Withdrawal"},
                    {"key" : "Total Incapacity","value": "Total Incapacity"},
                    {"key" : "Transfer (i.e to another scheme)","value": "Transfer"},
                    {"key" : "Early Retirement","value": "Early Retirement"},
                    {"key" : "Partial Withdrawal","value": "Partial Withdrawal"},
                    {"key" : "Survivor’s Benefit","value": "Survivor’s Benefit"},
                    {"key" : "Permanent emigration from Ghana","value": "Permanent emigration from Ghana"}],
                "pattern_error":"Please select claim type",
                "exist": "N"
            }
        ]
    },
    {
        "title": "CONTRIBUTOR DETAILS",
        "section": "personal_details",
        "field_list" : [
            {
                "field_id": "first_name",
                "field_label": "First Name",
                "mandatory": "Y",
                "field_type": "input",
                "place_holder": "Please enter first name",
                "valid_pattern": "[a-zA-Z ]*",
                "pattern_error": "Please enter valid first name",
                "exist": "Y"
            },
            {
                "field_id": "last_name",
                "field_label": "Surname",
                "mandatory": "Y",
                "field_type": "input",
                "place_holder": "Please enter last name",
                "valid_pattern": "[a-zA-Z ]*",
                "pattern_error": "Please enter valid last name",
                "exist": "Y"
            },
	    {
                "field_id": "othname",
                "field_label": "Other Name",
                "mandatory": "N",
                "field_type": "input",
                "place_holder": "Please enter surname",
                "valid_pattern": "[a-zA-Z ]*",
                "pattern_error": "Please enter valid surname",
                "exist": "N"
            },
            {
                "field_id": "dob",
                "field_label": "Date of Birth",
                "mandatory": "N",
                "field_type": "date",
                "place_holder": "Please select date of birth",
                "pattern_error":"",
                "exist": "Y"
            },
            {
                "field_id": "gender",
                "field_label": "Gender",
                "mandatory": "N",
                "field_type": "select",
                "place_holder": "Please select gender",
                "options": [{"key" : "Male","value": "M"},{"key" : "Female","value": "F"}],
                "pattern_error":"",
                "exist": "Y"
            },
            {
                "field_id": "nation",
                "field_label": "Nationality",
                "mandatory": "N",
                "field_type": "select",
                "place_holder": "Please select nationality",
		"options": [{"key" : "Ghanian","value": "R"},{"key" : "Non-Ghanian","value": "F"}],
                "pattern_error": "Please select nationaity",
                "exist": "N"
            },
            {
                "field_id": "identity_number",
                "field_label": "Identity Document Number",
                "mandatory": "N",
                "field_type": "input",
                "place_holder": "Please enter identity document number",
                "valid_pattern": "[a-zA-Z0-9]*",
                "pattern_error": "Please enter valid identity document number",
                "exist": "Y"
            },
            {
                "field_id": "marital_status",
                "field_label": "Marital Status",
                "mandatory": "N",
                "field_type": "select",
                "place_holder": "Please select the marital status",
		"options": [{"key" : "Single","value": "S"},{"key" : "Married","value": "M"},{"key" : "Widowed","value": "W"},{"key" : "Divorced","value": "D"},{"key" : "Separated","value": "S"}],
                "pattern_error": "Please select the marital status",
                "exist": "N"
            },
	    {
                "field_id": "father_name",
                "field_label": "Father's Name",
                "mandatory": "N",
                "field_type": "input",
                "place_holder": "Please enter father's name",
                "valid_pattern": "[a-zA-Z ]*",
                "pattern_error": "Please enter valid name",
                "exist": "N"
            },
	    {
                "field_id": "mother_name",
                "field_label": "Mother's Name",
                "mandatory": "N",
                "field_type": "input",
                "place_holder": "Please enter mother's name",
                "valid_pattern": "[a-zA-Z ]*",
                "pattern_error": "Please enter valid name",
                "exist": "N"
            }
        ]
    },
    {
        "title": "ADDRESS DETAILS",
        "section": "address_details",
        "field_list" : [
	    {
                "field_id": "add_type",
                "field_label": "Address Type",
                "mandatory": "Y",
                "field_type": "select",
		"place_holder": "Please select address type",
		"options": [{"key" : "Residential","value": "R"},{"key" : "Postal","value": "P"}],
                "pattern_error":"Please select type of address",
                "exist": "N"
            },
            {
                "field_id": "address_line1",
                "field_label": "Address Line 1",
                "mandatory": "N",
                "field_type": "input",
                "place_holder": "Please enter address",
                "pattern_error":"",
                "exist": "Y"
            },
            {
                "field_id": "address_line2",
                "field_label": "Address Line 2",
                "mandatory": "N",
                "field_type": "input",
                "place_holder": "Please enter address",
                "pattern_error":"",
                "exist": "Y"
            },
            {
                "field_id": "city",
                "field_label": "City",
                "mandatory": "N",
                "field_type": "select",
                "place_holder": "Please select city",
                "options": [],
                "pattern_error":"",
                "exist": "Y"
            },
            {
                "field_id": "country",
                "field_label": "Country",
                "mandatory": "N",
                "field_type": "select",
                "place_holder": "Please select country",
                "options": [],
                "pattern_error":"",
                "exist": "Y"
            },
            {
                "field_id": "pincode",
                "field_label": "PIN Code",
                "mandatory": "N",
                "field_type": "input",
                "place_holder": "Please enter PIN Code",
                "pattern_error":"",
                "exist": "Y"
            },
	    {
                "field_id": "document_number",
                "field_label": "Document Number",
                "mandatory": "N",
                "field_type": "input",
                "place_holder": "Please enter document number",
                "pattern_error":"",
                "exist": "Y"
            }
        ]
    },
    {
        "title": "BANK DETAILS",
        "section": "bank_details",
        "field_list" : [
            {
                "field_id": "bank_name",
                "field_label": "Bank",
                "mandatory": "N",
                "field_type": "input",
                "place_holder": "Please enter bank name",
                "valid_pattern": "[a-zA-Z ]*",
                "pattern_error": "Please enter valid bank name",
                "exist": "N"
            },
            {
                "field_id": "branch",
                "field_label": "Branch",
                "mandatory": "N",
                "field_type": "input",
                "place_holder": "Please enter branch name",
                "pattern_error": "Please enter valid branch name",
                "exist": "N"
            },
            {
                "field_id": "acc_name",
                "field_label": "Account Name",
                "mandatory": "N",
                "field_type": "input",
                "place_holder": "Please enter account name",
                "pattern_error":"",
                "exist": "N"
            },
            {
                "field_id": "acct_number",
                "field_label": "Account Number",
                "mandatory": "N",
                "field_type": "input",
                "place_holder": "Please enter Account Number",
                "valid_pattern": "[0-9]{9,18}",
                "pattern_error": "Please enter valid account number",
                "exist": "N"
            }
        ]
    },
    {
        "title": "BENEFICIARY DETAILS",
        "section": "ben_dtls",
        "field_list" : [
            {
                "field_id": "ben1_name",
                "field_label": "Beneficiary 1 Name",
                "mandatory": "N",
                "field_type": "input",
                "place_holder": "Please enter beneficiary name",
                "valid_pattern": "[a-zA-Z ]*",
                "pattern_error": "Please enter beneficiary name",
                "exist": "N"
            },
	    {
                "field_id": "ben1_dob",
                "field_label": "Date of Birth",
                "mandatory": "N",
                "field_type": "date",
                "place_holder": "Please select date of birth",
                "pattern_error":"",
                "exist": "N"
            },
            {
                "field_id": "ben1_rel",
                "field_label": "Relationship",
                "mandatory": "N",
                "field_type": "input",
                "place_holder": "Please enter the relationship",
                "valid_pattern": "[a-zA-Z ]*",
                "pattern_error": "Please enter the relationship",
                "exist": "N"
            },
	    {
                "field_id": "ben1_add",
                "field_label": "Address",
                "mandatory": "N",
                "field_type": "input",
                "place_holder": "Please enter the address",
                "valid_pattern": "[a-zA-Z ]*",
                "pattern_error": "Please enter the address",
                "exist": "N"
            },
	    {
                "field_id": "ben1_all",
                "field_label": "Allocation",
                "mandatory": "N",
                "field_type": "input",
                "place_holder": "Please enter the allocation",
                "valid_pattern": "[0-9]{9,18}",
                "pattern_error": "Please enter the allocation",
                "exist": "N"
            }
        ]
    },
    {
        "title": "EMPLOYMENT DETAILS",
        "section": "empl_dtls",
        "field_list" : [
            {
                "field_id": "empl_name",
                "field_label": "Employer Name",
                "mandatory": "N",
                "field_type": "input",
                "place_holder": "Please enter employer name",
                "valid_pattern": "[a-zA-Z ]*",
                "pattern_error": "Please enter beneficiary name",
                "exist": "N"
            },
	    {
                "field_id": "empl_loc",
                "field_label": "Office Location",
                "mandatory": "N",
                "field_type": "input",
                "place_holder": "Please enter office location",
                "pattern_error":"",
                "exist": "N"
            },
            {
                "field_id": "post_add",
                "field_label": "Postal Address",
                "mandatory": "N",
                "field_type": "input",
                "place_holder": "Please enter the postal address",
                "valid_pattern": "[a-zA-Z ]*",
                "pattern_error": "Please enter the postal address",
                "exist": "N"
            },
	    {
                "field_id": "email",
                "field_label": "Email",
                "mandatory": "N",
                "field_type": "input",
                "place_holder": "Please enter the email address",
                "valid_pattern": "[a-zA-Z ]*",
                "pattern_error": "Please enter the email address",
                "exist": "N"
            },
	    {
                "field_id": "empl_phone",
                "field_label": "Phone",
                "mandatory": "N",
                "field_type": "input",
                "place_holder": "Please enter the phone",
                "valid_pattern": "[0-9]{9,18}",
                "pattern_error": "Please enter the phone",
                "exist": "N"
            }
	]
    },
    {
        "title": "EMPLOYEE DETAILS",
        "section": "emp_dtls",
        "field_list" : [
	    {
                "field_id": "ssn_id",
                "field_label": "Social Security Number",
                "mandatory": "N",
                "field_type": "input",
                "place_holder": "Please enter the social security number",
                "valid_pattern": "[0-9]{9,18}",
                "pattern_error": "Please enter the social security number",
                "exist": "N"
            },
	    {
                "field_id": "emp_id",
                "field_label": "Employee Id",
                "mandatory": "N",
                "field_type": "input",
                "place_holder": "Please enter the employee id",
                "valid_pattern": "[a-zA-Z ]*",
                "pattern_error": "Please enter the employee id",
                "exist": "N"
            },
	    {
                "field_id": "emp_sal",
                "field_label": "Salary",
                "mandatory": "N",
                "field_type": "input",
                "place_holder": "Please enter the salary",
                "valid_pattern": "[0-9]{9,18}",
                "pattern_error": "Please enter the salary",
                "exist": "N"
            }
        ]
    }
]
