[
    {
        "section_name": "PERSONAL DETAILS",
        "section_id": "personal_details",
        "field_list" : [
            {
                "field_id": "first_name",
                "field_name": "First Name",
                "is_mandatory": "Y",
                "field_type": "text",
                "field_help_info": "Please enter first name",
                "valid_pattern": "[a-zA-Z ]*",
                "error_msg": "Please enter valid first name"
            },
            {
                "field_id": "last_name",
                "field_name": "Last Name",
                "is_mandatory": "N",
                "field_type": "text",
                "field_help_info": "Please enter last name",
                "valid_pattern": "[a-zA-Z ]*",
                "error_msg": "Please enter valid last name"
            },
            {
                "field_id": "gender",
                "field_name": "Gender",
                "is_mandatory": "N",
                "field_type": "select",
                "field_help_info": "Please select gender",
                "options": [{"key" : "Male","value": "M"},{"key" : "Female","value": "F"}],
                "error_msg":""
            },
            {
                "field_id": "dob",
                "field_name": "Date of Birth",
                "is_mandatory": "N",
                "field_type": "date",
                "field_help_info": "Please select date of birth",
                "error_msg":""
            },
            {
                "field_id": "identity_number",
                "field_name": "Identity Document Number",
                "is_mandatory": "N",
                "field_type": "text",
                "field_help_info": "Please enter identity document number",
                "valid_pattern": "[a-zA-Z0-9]*",
                "error_msg": "Please enter valid identity document number"
            },
            {
                "field_id": "marital_status",
                "field_name": "Marital Status",
                "is_mandatory": "N",
                "field_type": "select",
                "field_help_info": "Please select marital status",
                "options": [{"key" : "Single","value": "S"},{"key" : "Married","value": "M"},{"key" : "Unmarried","value": "U"},{"key" : "Divorced","value": "D"}],
                "error_msg":""
            }
        ]
    },
    {
        "section_name": "ADDRESS DETAILS",
        "section_id": "address_details",
        "field_list" : [
            {
                "field_id": "document_number",
                "field_name": "Document Number",
                "is_mandatory": "N",
                "field_type": "text",
                "field_help_info": "Please enter document number",
                "error_msg":""
            },
            {
                "field_id": "address_line1",
                "field_name": "Address Line 1",
                "is_mandatory": "N",
                "field_type": "text",
                "field_help_info": "Please enter address",
                "error_msg":""
            },
            {
                "field_id": "address_line2",
                "field_name": "Address Line 2",
                "is_mandatory": "N",
                "field_type": "text",
                "field_help_info": "Please enter address",
                "error_msg":""
            },
            {
                "field_id": "city",
                "field_name": "City",
                "is_mandatory": "N",
                "field_type": "select",
                "field_help_info": "Please select city",
                "options": [],
                "error_msg":""
            },
            {
                "field_id": "country",
                "field_name": "Country",
                "is_mandatory": "N",
                "field_type": "select",
                "field_help_info": "Please select country",
                "options": [],
                "error_msg":""
            },
            {
                "field_id": "pincode",
                "field_name": "PIN Code",
                "is_mandatory": "N",
                "field_type": "text",
                "field_help_info": "Please enter PIN Code",
                "error_msg":""
            }
        ]
    },
    {
        "section_name": "TAX DETAILS",
        "section_id": "tax_details",
        "field_list" : [
            {
                "field_id": "pan_number",
                "field_name": "PAN Number",
                "is_mandatory": "N",
                "field_type": "text",
                "field_help_info": "Please enter PAN Number",
                "valid_pattern": "[A-Z]{5}[0-9]{4}[A-Z]",
                "error_msg": "Please enter valid PAN number"
            },
            {
                "field_id": "acct_number",
                "field_name": "Salary Account Number",
                "is_mandatory": "N",
                "field_type": "text",
                "field_help_info": "Please enter Salary Account Number",
                "valid_pattern": "[0-9]{9,18}",
                "error_msg": "Please enter valid salary account"
            },
            {
                "field_id": "bank_name",
                "field_name": "Bank Name",
                "is_mandatory": "N",
                "field_type": "text",
                "field_help_info": "Please enter bank name",
                "error_msg":""
            }
        ]
    },
    {
        "section_name": "EMPLOYMENT DETAILS",
        "section_id": "employment_details",
        "field_list" : [
            {
                "field_id": "role",
                "field_name": "Role",
                "is_mandatory": "N",
                "field_type": "text",
                "field_help_info": "Please enter role",
                "error_msg":""
            },
            {
                "field_id": "employer_name",
                "field_name": "Organization",
                "is_mandatory": "N",
                "field_type": "text",
                "field_help_info": "Please enter organization",
                "error_msg":""
            },
            {
                "field_id": "gross_salary",
                "field_name": "Gross Salary",
                "is_mandatory": "N",
                "field_type": "text",
                "field_help_info": "Please enter gross salary",
                "error_msg":""
            }
        ]
    }
]