[{"section_name": "Personal details", "section_id": "personaldetails", "field_list": [{"form_id": "form4", "form_name": "Form 4", "section_id": "personaldetails", "section_name": "Personal details", "field_id": "firstname", "field_name": "First name", "field_help_info": "", "field_type": "text", "error_msg": "", "select_ref_type": "", "allowed_field_format": "B", "is_mandatory": "", "condition": "", "dependant_section_id": "", "dependant_field_id": "", "dependant_field_logic": "", "logic_value": ""}]}, {"section_name": "Address Details", "section_id": "addressdetails", "field_list": [{"form_id": "form4", "form_name": "Form 4", "section_id": "addressdetails", "section_name": "Address Details", "field_id": "adressline1", "field_name": "Adress line 1", "field_help_info": "", "field_type": "text", "error_msg": "", "select_ref_type": "", "allowed_field_format": "B", "is_mandatory": "", "condition": "", "dependant_section_id": "", "dependant_field_id": "", "dependant_field_logic": "", "logic_value": ""}]}]