[{"section_name": "Personal Details", "section_id": "personaldetails", "field_list": [{"form_id": "form5", "form_name": "form 5", "section_id": "personaldetails", "section_name": "Personal Details", "field_id": "lastname", "field_name": "Last name", "field_help_info": "", "field_type": "text", "error_msg": "", "select_ref_type": "", "allowed_field_format": "B", "is_mandatory": "N", "condition": "", "dependant_section_id": "", "dependant_field_id": "", "dependant_field_logic": "", "logic_value": ""}, {"field_name": "last name", "field_id": "", "field_type": "text", "field_value": "", "field_help_info": "", "is_mandatory": "Y", "error_msg": "", "select_ref_type": "", "dependant_section_id": "", "dependant_field_id": "", "dependant_field_name": "", "allowed_field_format": "B", "defined_code": "", "condition": "", "dependant_field_logic": "", "logic_value": ""}, {"field_name": "First name", "field_id": "", "field_type": "text", "field_value": "", "field_help_info": "", "is_mandatory": "Y", "error_msg": "", "select_ref_type": "", "dependant_section_id": "", "dependant_field_id": "", "dependant_field_name": "", "allowed_field_format": "B", "defined_code": "", "condition": "", "dependant_field_logic": "", "logic_value": ""}]}]