[{"section_name": "Personal Details", "section_id": "personaldetails", "field_list": [{"form_id": "form2", "form_name": "Form 2", "section_id": "personaldetails", "section_name": "Personal Details", "field_id": "firstname", "field_name": "First name", "field_help_info": "", "field_type": "text", "error_msg": "", "select_ref_type": "", "allowed_field_format": "B", "is_mandatory": "", "condition": "", "dependant_section_id": "", "dependant_field_id": "", "dependant_field_logic": "", "logic_value": ""}, {"form_id": "form2", "form_name": "Form 2", "section_id": "personaldetails", "section_name": "Personal Details", "field_id": "firstname", "field_name": "First name", "field_help_info": "", "field_type": "text", "error_msg": "", "select_ref_type": "", "allowed_field_format": "B", "is_mandatory": "", "condition": "", "dependant_section_id": "", "dependant_field_id": "", "dependant_field_logic": "", "logic_value": ""}, {"form_id": "form2", "form_name": "Form 2", "section_id": "personaldetails", "section_name": "Personal Details", "field_id": "firstname", "field_name": "First name", "field_help_info": "", "field_type": "text", "error_msg": "", "select_ref_type": "", "allowed_field_format": "B", "is_mandatory": "", "condition": "", "dependant_section_id": "", "dependant_field_id": "", "dependant_field_logic": "", "logic_value": ""}]}, {"section_name": "Address details", "section_id": "addressdetails", "field_list": [{"form_id": "form2", "form_name": "Form 2", "section_id": "addressdetails", "section_name": "Address details", "field_id": "addressline1", "field_name": "Address line 1", "field_help_info": "", "field_type": "text", "error_msg": "", "select_ref_type": "", "allowed_field_format": "B", "is_mandatory": "", "condition": "", "dependant_section_id": "", "dependant_field_id": "", "dependant_field_logic": "", "logic_value": ""}, {"form_id": "form2", "form_name": "Form 2", "section_id": "addressdetails", "section_name": "Address details", "field_id": "addressline1", "field_name": "Address line 1", "field_help_info": "", "field_type": "text", "error_msg": "", "select_ref_type": "", "allowed_field_format": "B", "is_mandatory": "", "condition": "", "dependant_section_id": "", "dependant_field_id": "", "dependant_field_logic": "", "logic_value": ""}, {"form_id": "form2", "form_name": "Form 2", "section_id": "addressdetails", "section_name": "Address details", "field_id": "addressline1", "field_name": "Address line 1", "field_help_info": "", "field_type": "text", "error_msg": "", "select_ref_type": "", "allowed_field_format": "B", "is_mandatory": "", "condition": "", "dependant_section_id": "", "dependant_field_id": "", "dependant_field_logic": "", "logic_value": ""}]}]