[
	{
        "prod_code": "CARHOS",
        "product_description": "Enjoy a safe care.",
        "features": ["24 X 7 ambulance.","Blood bank.","State of the art Operation theatre."],
        "benefits": ["Routine followup facility", "personalized health reminder"],
        "eligibility": ["Minimum age at the time of application should be 21 years.","be 60 years or retirement age whichever is earlier.","Minimum net monthly income should be 25000 EUR"," Minimum 2 years in employment and 1 year in current organisation.","Should have completed minimum 1 year of stay at the current residence, if rented."],
        "documents": [
            {
                "doc_id" : "ID",
                "doc_name" : "Proof of Identity :  Passport / Driving License / Voters ID / PAN Card"
            },
            {
                "doc_id" : "ADDRESS",
                "doc_name" : "Proof of Residence :  Leave and License Agreement / Utility Bill/ Passport"
            },
            {
                "doc_id" : "INCOME",
                "doc_code" : "BKSMT",
                "doc_name" : "Latest 3 months Bank Statement (where salary/income is credited)" 
            },
            {
                "doc_id" : "INCOME",
                "doc_code" : "SLSIP",
                "doc_name" : "Salary slips for last 3 months"
            },
            {
                "doc_id" : "PHOTO",
                "doc_name" : "2 Passport Size photographs"
            }
        ]
    },
    {
        "prod_code": "REGSAV",
        "product_description": "Enjoy a convenient, safe and rewarding banking experience.",
        "features": ["User-Friendly Internt and Mobile banking.","24 X 7 banking with 100+ Touch Banking branches.","Smart shopper Debit Card with exiting offers."],
        "benefits": ["Account holders can make transactions from any branch.","Get e-mail statements that help you to keep an eye on your transactions.","The Savings Account can be transferred from one branch to another branch.","Get discounts on your healthcare needs from Apollo Healthcare Services.","With each purchase, earn reward points that can be redeemed for exciting gifts."],
        "eligibility": ["Minimum age at the time of application should be 21 years.","Maximum age at maturity should be 60 years or retirement age whichever is earlier.","Minimum net monthly income should be 25000 EUR"," Minimum 2 years in employment and 1 year in current organisation.","Should have completed minimum 1 year of stay at the current residence, if rented."],
        "documents": [
            {
                "doc_id" : "ID",
                "doc_name" : "Proof of Identity :  Passport / Driving License / Voters ID / PAN Card"
            },
            {
                "doc_id" : "ADDRESS",
                "doc_name" : "Proof of Residence :  Leave and License Agreement / Utility Bill/ Passport"
            },
            {
                "doc_id" : "INCOME",
                "doc_code" : "BKSMT",
                "doc_name" : "Latest 3 months Bank Statement (where salary/income is credited)" 
            },
            {
                "doc_id" : "INCOME",
                "doc_code" : "SLSIP",
                "doc_name" : "Salary slips for last 3 months"
            },
            {
                "doc_id" : "PHOTO",
                "doc_name" : "2 Passport Size photographs"
            }
        ]
    },
    {
        "prod_code": "ULTCUR",
        "product_description": "Access a wide range of banking features with the Ultima Current Account.",
        "features": ["Free monthly limit is higher of 200 EUR lacs or 8 times the average monthly balance (AMB).","Get 1500 Free Payable-at-par / Local Cheque leaves per month.","Get unlimited Pay Orders & Demand Drafts Free per month at Bank location.","Faster inter-city cheque collections and daily real-time information with Cash Management Services (CMS).","Bulk payments to vendors and salary payments to employees hassle-free with our superior online banking platform.","Free payment and collection through  RTGS  and NEFT."],
        "benefits": ["Account holders can make transactions from any branch.","Get e-mail statements that help you to keep an eye on your transactions.","The Savings Account can be transferred from one branch to another branch.","Get discounts on your healthcare needs from Apollo Healthcare Services.","With each purchase, earn reward points that can be redeemed for exciting gifts.","1500 free 'at-par' cheque leaves per month.","Free local/ intercity cheque collection & payment within HDFC Bank Branch locations."],
        "eligibility": ["Minimum age at the time of application should be 21 years.","Resident Individual.","Trust/Association/Club/Society.","Limited Company/Limited Liability Partnership."],
        "documents": [
            {
                "doc_id" : "ID",
                "doc_name" : "Proof of Identity :  Passport / Driving License / Voters ID / PAN Card"
            },
            {
                "doc_id" : "ADDRESS",
                "doc_name" : "Proof of Residence :  Leave and License Agreement / Utility Bill/ Passport"
            },
            {
                "doc_id" : "INCOME",
                "doc_code" : "BKSMT",
                "doc_name" : "Latest 3 months Bank Statement (where salary/income is credited)" 
            },
            {
                "doc_id" : "INCOME",
                "doc_code" : "SLSIP",
                "doc_name" : "Salary slips for last 3 months"
            },
            {
                "doc_id" : "PHOTO",
                "doc_name" : "2 Passport Size photographs"
            }
        ]
    },
    {
        "prod_code": "OVDSAL",
        "product_description": "Access a wide range of banking features with the Ultima Current Account.",
        "features": ["Free monthly limit is higher of 200 EUR lacs or 8 times the average monthly balance (AMB).","Get 1500 Free Payable-at-par / Local Cheque leaves per month.","Get unlimited Pay Orders & Demand Drafts Free per month at Bank location.","Faster inter-city cheque collections and daily real-time information with Cash Management Services (CMS).","Bulk payments to vendors and salary payments to employees hassle-free with our superior online banking platform.","Free payment and collection through  RTGS  and NEFT."],
        "benefits": ["Account holders can make transactions from any branch.","Get e-mail statements that help you to keep an eye on your transactions.","The Savings Account can be transferred from one branch to another branch.","Get discounts on your healthcare needs from Apollo Healthcare Services.","With each purchase, earn reward points that can be redeemed for exciting gifts.","1500 free 'at-par' cheque leaves per month.","Free local/ intercity cheque collection & payment within HDFC Bank Branch locations."],
        "eligibility": ["Minimum age at the time of application should be 21 years.","Resident Individual.","Trust/Association/Club/Society.","Limited Company/Limited Liability Partnership."],
        "documents": [
            {
                "doc_id" : "ID",
                "doc_name" : "Proof of Identity :  Passport / Driving License / Voters ID / PAN Card"
            },
            {
                "doc_id" : "ADDRESS",
                "doc_name" : "Proof of Residence :  Leave and License Agreement / Utility Bill/ Passport"
            },
            {
                "doc_id" : "INCOME",
                "doc_code" : "BKSMT",
                "doc_name" : "Latest 3 months Bank Statement (where salary/income is credited)" 
            },
            {
                "doc_id" : "INCOME",
                "doc_code" : "SLSIP",
                "doc_name" : "Salary slips for last 3 months"
            },
            {
                "doc_id" : "PHOTO",
                "doc_name" : "2 Passport Size photographs"
            }
        ]
    },
    {
        "prod_code": "KIDSAV",
        "product_description": "A balanced portfolio of savings and investment solutions for your child.",
        "features": ["Can be enrolled from Age 1 to 18.","Personalised Debit Card."],
        "benefits": ["Free Personalised debit card with spend and withdrawal limit of 5000 EUR","Personalised cheque book - cheques can be issued by the child.","Free Internet Banking access.","Free Mobile Banking Access.","Free email statement.","Pre-paid Mobile recharge facility."],
        "eligibility": ["This is a banking service for children in the age group of 1day-18 years.","The guardian can open and operate the account on behalf of the minor.","Minors above 10 years of age, can independently open and operate the account."],
        "documents": [
            {
                "doc_id" : "ID",
                "doc_name" : "Proof of Identity :  Passport / Driving License / Voters ID / PAN Card"
            },
            {
                "doc_id" : "ADDRESS",
                "doc_name" : "Proof of Residence :  Leave and License Agreement / Utility Bill/ Passport"
            },
            {
                "doc_id" : "INCOME",
                "doc_code" : "BKSMT",
                "doc_name" : "Latest 3 months Bank Statement (where salary/income is credited)" 
            },
            {
                "doc_id" : "INCOME",
                "doc_code" : "SLSIP",
                "doc_name" : "Salary slips for last 3 months"
            },
            {
                "doc_id" : "PHOTO",
                "doc_name" : "2 Passport Size photographs"
            }
        ]
    },
    {
        "prod_code": "SENSAV",
        "product_description": "An Ideal account for the experienced and respected senior citizens.",
        "features": ["Do banking from the comfort of your home with Doorstep Banking.","Insurance and medical discounts.","Enjoy movies and plays with your loved ones with Buy 2 and Get 2 free offer."],
        "benefits": ["Facility of Direct Credit of Interest to Bank Account.","If investor does not want Direct Credit or ECS facility, 4 Post Dated Cheques will be sent every year.","Account Statement containing the details of Deposit Balance & transactions.","Phone Banking Facility (for queries)."],
        "eligibility": ["An investor who has attained the age of 60 years or above.","An investor with the age of 55 years or more but less than 60 years.","Retired personnel of Defence Services (excluding Civilian Defence Employees) shall be eligible."],
        "documents": [
            {
                "doc_id" : "ID",
                "doc_name" : "Proof of Identity :  Passport / Driving License / Voters ID / PAN Card"
            },
            {
                "doc_id" : "ADDRESS",
                "doc_name" : "Proof of Residence :  Leave and License Agreement / Utility Bill/ Passport"
            },
            {
                "doc_id" : "INCOME",
                "doc_code" : "BKSMT",
                "doc_name" : "Latest 3 months Bank Statement (where salary/income is credited)" 
            },
            {
                "doc_id" : "INCOME",
                "doc_code" : "SLSIP",
                "doc_name" : "Salary slips for last 3 months"
            },
            {
                "doc_id" : "PHOTO",
                "doc_name" : "2 Passport Size photographs"
            }
        ]
    },       
    {
        "prod_code": "WOMSAV",
        "product_description": "Maximum Benefits Accounts specially crafted for progressive Woman of today.",
        "features": ["25% discount on first year fee of Standard Locker.","Free add-on account for family.","Recurring Deposit with an option to use maturity proceeds to buy jewellery."], 
        "benefits": ["Myntra - Flat 25% off on Purchase of 1899 EUR and above.","Purple - 15% off on Beauty, Skin and Hair care Purchases at Purple.com."],
        "eligibility": ["Resident woman of 18 years & above should be the primary applicant."],
        "documents": [
            {
                "doc_id" : "ID",
                "doc_name" : "Proof of Identity :  Passport / Driving License / Voters ID / PAN Card"
            },
            {
                "doc_id" : "ADDRESS",
                "doc_name" : "Proof of Residence :  Leave and License Agreement / Utility Bill/ Passport"
            },
            {
                "doc_id" : "INCOME",
                "doc_code" : "BKSMT",
                "doc_name" : "Latest 3 months Bank Statement (where salary/income is credited)" 
            },
            {
                "doc_id" : "INCOME",
                "doc_code" : "SLSIP",
                "doc_name" : "Salary slips for last 3 months"
            },
            {
                "doc_id" : "PHOTO",
                "doc_name" : "2 Passport Size photographs"
            }
        ]
    },
    {
        "prod_code": "ESYSAV",
        "product_description": "Gives you the maximum benefits with minimum requirements.",
        "features": ["Free ATM card.","Free monthly e-statement."],
        "benefits":["Minimum Balance: Nil.","FREE cash withdrawals (up to 3 withdrawals per month).","Dedicated Remittance help-line.","Money Multiplier Facility.","Internet Banking is offered free of cost.","Mobile alerts to the account holder for remittances received.","Anywhere Banking - withdraw cash upto a limit of 50000 EUR across all Bank branches."],
        "eligibility":["Resident who receive remittances or are likely to receive remittances in the future.."],
        "documents": [
            {
                "doc_id" : "ID",
                "doc_name" : "Proof of Identity :  Passport / Driving License / Voters ID / PAN Card"
            },
            {
                "doc_id" : "ADDRESS",
                "doc_name" : "Proof of Residence :  Leave and License Agreement / Utility Bill/ Passport"
            },
            {
                "doc_id" : "INCOME",
                "doc_code" : "BKSMT",
                "doc_name" : "Latest 3 months Bank Statement (where salary/income is credited)" 
            },
            {
                "doc_id" : "INCOME",
                "doc_code" : "SLSIP",
                "doc_name" : "Salary slips for last 3 months"
            },
            {
                "doc_id" : "PHOTO",
                "doc_name" : "2 Passport Size photographs"
            }
        ]
    },
    {
        "prod_code": "HOMLOA",
        "product_description": "Having your dream house is very easy. Enjoy higher eligibility, lower EMIs & attractive interest rates.",
        "features": ["Doorstep service with fast & easy processing of loan application.","Transparent dealing with no hidden charges.","Simplified documentation.","Attractive Home Loan.","Balance transfer facility.","Funding upto 30 years of tenor."],
        "benefits":["Pradhan Mantri Awas Yojana.","Affordable Home Loans at effective rates as low as 4.76% per annum."],
        "eligibility":["You must be at least 21 years of age on sanction of the loan.","The loan must terminate before or at 65 years of age or age of retirement, whichever is earlier.","You must be salaried or self-employed with a regular source of income.","Minimum age of co-applicant should be 18 years."],
        "documents": [
            {
                "doc_id" : "ID",
                "doc_name" : "Proof of Identity :  Passport / Driving License / Voters ID / PAN Card"
            },
            {
                "doc_id" : "ADDRESS",
                "doc_name" : "Proof of Residence :  Leave and License Agreement / Utility Bill/ Passport"
            },
            {
                "doc_id" : "INCOME",
                "doc_code" : "BKSMT",
                "doc_name" : "Latest 3 months Bank Statement (where salary/income is credited)" 
            },
            {
                "doc_id" : "INCOME",
                "doc_code" : "SLSIP",
                "doc_name" : "Salary slips for last 3 months"
            },
            {
                "doc_id" : "PHOTO",
                "doc_name" : "2 Passport Size photographs"
            }
        ]
    },
    {
        "prod_code": "CARLOA",
        "product_description": "Tie-ups with all leading automobile manufacturers for best deals.",
        "features": ["Easy online application and Faster loan processing.","Speedy disbursement of the loan amount.","Loans available for broad range of vehicles and customer segments.","Attractive interest rates."],
        "benefits":["Bank offers car loans up to 100% ex-showroom price with attractive interest rates up to 7 years tenure.","Pre-owned car loans up to 80% on valuation with tenure up to 5 years."],
        "eligibility":["Should be above 25 years old and upto 58 years of age at the time of maturity of the loan.","Gross annual income of at least 2500 EUR","Total employment stability should be more than 2 years and current employment stability of 1 year."],
        "documents": [
            {
                "doc_id" : "ID",
                "doc_name" : "Proof of Identity :  Passport / Driving License / Voters ID / PAN Card"
            },
            {
                "doc_id" : "ADDRESS",
                "doc_name" : "Proof of Residence :  Leave and License Agreement / Utility Bill/ Passport"
            },
            {
                "doc_id" : "INCOME",
                "doc_code" : "BKSMT",
                "doc_name" : "Latest 3 months Bank Statement (where salary/income is credited)" 
            },
            {
                "doc_id" : "INCOME",
                "doc_code" : "SLSIP",
                "doc_name" : "Salary slips for last 3 months"
            },
            {
                "doc_id" : "PHOTO",
                "doc_name" : "2 Passport Size photographs"
            }
        ]
    },
    {
        "prod_code": "PERLOA",
        "product_description": "Dream holiday, wedding, home renovation, latest gadgets or anything else you desire? Make real with Personal Loans.",
        "features": ["Arrange for holidaying overseas.","Buy a large appliance like refrigerator, television or laptop.","Plan your marriage function as per your expectations.","Spruce up your home interiors through home renovation."],
        "benefits":["Use the loan amount for any purpose as per your need.","Get flexible tenure up to 60 months.","Avail of a fixed rate of interest. Interest will be charged on monthly reducing basis.","No need to put up any collateral against the loan.","Set up ECS, PDC or auto-debit for automatic repayment of EMI every month."],
        "eligibility":["The applicant should be above 25 years old at the time of application, and upto 58 years of age at the time of maturity of the loan.","Gross annual income of at least 2500 EUR","The total employment stability should be more than 2 years and current employment stability of minimum 1 year.."],
        "documents": [
            {
                "doc_id" : "ID",
                "doc_name" : "Proof of Identity :  Passport / Driving License / Voters ID / PAN Card"
            },
            {
                "doc_id" : "ADDRESS",
                "doc_name" : "Proof of Residence :  Leave and License Agreement / Utility Bill/ Passport"
            },
            {
                "doc_id" : "INCOME",
                "doc_code" : "BKSMT",
                "doc_name" : "Latest 3 months Bank Statement (where salary/income is credited)" 
            },
            {
                "doc_id" : "INCOME",
                "doc_code" : "SLSIP",
                "doc_name" : "Salary slips for last 3 months"
            },
            {
                "doc_id" : "PHOTO",
                "doc_name" : "2 Passport Size photographs"
            }
        ]
    },
    {
        "prod_code": "PERLOA",
        "product_description": "Dream holiday, wedding, home renovation, latest gadgets or anything else you desire? Make real with Personal Loans.",
        "features": ["Arrange for holidaying overseas.","Buy a large appliance like refrigerator, television or laptop.","Plan your marriage function as per your expectations.","Spruce up your home interiors through home renovation."],
        "benefits":["Use the loan amount for any purpose as per your need.","Get flexible tenure up to 60 months.","Avail of a fixed rate of interest. Interest will be charged on monthly reducing basis.","No need to put up any collateral against the loan.","Set up ECS, PDC or auto-debit for automatic repayment of EMI every month."],
        "eligibility":["The applicant should be above 25 years old at the time of application, and upto 58 years of age at the time of maturity of the loan.","Gross annual income of at least 2500 EUR","The total employment stability should be more than 2 years and current employment stability of minimum 1 year.."],
        "documents": [
            {
                "doc_id" : "ID",
                "doc_name" : "Proof of Identity :  Passport / Driving License / Voters ID / PAN Card"
            },
            {
                "doc_id" : "ADDRESS",
                "doc_name" : "Proof of Residence :  Leave and License Agreement / Utility Bill/ Passport"
            },
            {
                "doc_id" : "INCOME",
                "doc_code" : "BKSMT",
                "doc_name" : "Latest 3 months Bank Statement (where salary/income is credited)" 
            },
            {
                "doc_id" : "INCOME",
                "doc_code" : "SLSIP",
                "doc_name" : "Salary slips for last 3 months"
            },
            {
                "doc_id" : "PHOTO",
                "doc_name" : "2 Passport Size photographs"
            }
        ]
    },
    {
        "prod_code": "LASLOA",
        "product_description": "Avail maximum loan without selling them to meet your needs.",
        "features": ["Overdraft Facility (OD).","Loan against Shares, Mutual Funds and Bonds.","Widest range of approved securities.","Larger Value for Securities.","Pledge shares / securities from any Depository Participant."],
        "benefits":["Loan based on the value of your securities.","Easy withdrawal.","Limited interest."],
        "eligibility":["Only Individuals can apply.","Loans are granted only against the list of approved scripts, as determined by Bank.","The applicant should be between 21 and 75 years of age.","The applicant should be a subscriber to a telephone (landline) either at residence or office."],
        "documents": [
            {
                "doc_id" : "ID",
                "doc_name" : "Proof of Identity :  Passport / Driving License / Voters ID / PAN Card"
            },
            {
                "doc_id" : "ADDRESS",
                "doc_name" : "Proof of Residence :  Leave and License Agreement / Utility Bill/ Passport"
            },
            {
                "doc_id" : "INCOME",
                "doc_code" : "BKSMT",
                "doc_name" : "Latest 3 months Bank Statement (where salary/income is credited)" 
            },
            {
                "doc_id" : "INCOME",
                "doc_code" : "SLSIP",
                "doc_name" : "Salary slips for last 3 months"
            },
            {
                "doc_id" : "PHOTO",
                "doc_name" : "2 Passport Size photographs"
            }
        ]
    },
    {
        "prod_code": "LAPLOA",
        "product_description": "Unlock the hidden value of your property to fulfill any of your personal or business needs.",
        "features": ["Maximum loan eligibility at attractive interest rates.","Door step service, easy documentation & speedy approval.","Loan against Residential or Commercial properties.","Loan for purchase of commercial property.","Funding against rentals from commercial property.","Takeover of Existing loan with additional finance."],
        "benefits":["Depends on the value of the property and net income left after the existing EMI'S.","Cheaper than personal Loans and issued at an interest rate between 9.20% and 12.25%.","Loan can be taken for residential, commercial or industrial property.","Loan Tenure is for a maximum period of 10 years.","Issued with simple documentation as this is a secured loan.","Fast Approval."],
        "eligibility":["A person whether salaried or self employed with a minimum age of 21 years.","Maximum age for a salaried individual is 70 years and for self-employed at 60 years."],
        "documents": [
            {
                "doc_id" : "ID",
                "doc_name" : "Proof of Identity :  Passport / Driving License / Voters ID / PAN Card"
            },
            {
                "doc_id" : "ADDRESS",
                "doc_name" : "Proof of Residence :  Leave and License Agreement / Utility Bill/ Passport"
            },
            {
                "doc_id" : "INCOME",
                "doc_code" : "BKSMT",
                "doc_name" : "Latest 3 months Bank Statement (where salary/income is credited)" 
            },
            {
                "doc_id" : "INCOME",
                "doc_code" : "SLSIP",
                "doc_name" : "Salary slips for last 3 months"
            },
            {
                "doc_id" : "PHOTO",
                "doc_name" : "2 Passport Size photographs"
            }
        ]
    },
    {
        "prod_code": "CVECLN",
        "product_description": "Offers customized options to purchase new and refinance on existing commercial vehicles.",
        "features": ["Funding for all types of commercial vehicles.","Working Capital.","Extended Products.","Hassle-free loan sanction system.","Preferred Financier Status."],
        "benefits":["Whether big or small, get your commercial vehicle financed from - trucks, buses, tippers, and light commercial vehicles.","We ensure a smooth run working capital loan to meet all your business need.","Get funding for new vehicles, finance on used vehicles, top up on existing loans as well as working capital loans to keep your business going.","Easily get finance for your business with quick turn-around time and simple documentation process.","Bank holds a preferred financier's status with all leading manufacturers which will further smoothen your vehicle buying process.","Reaches you through more than 415 locations throughout the country. So, no matter where you are, getting a commercial vehicle loan is easy."],
        "eligibility":["Any individual / partnership firm / company with more than two years of business experience.","Existing owner of at least two commercial vehicles.","Captive customers and transporters."],
        "documents": [
            {
                "doc_id" : "ID",
                "doc_name" : "Proof of Identity :  Passport / Driving License / Voters ID / PAN Card"
            },
            {
                "doc_id" : "ADDRESS",
                "doc_name" : "Proof of Residence :  Leave and License Agreement / Utility Bill/ Passport"
            },
            {
                "doc_id" : "INCOME",
                "doc_code" : "BKSMT",
                "doc_name" : "Latest 3 months Bank Statement (where salary/income is credited)" 
            },
            {
                "doc_id" : "INCOME",
                "doc_code" : "SLSIP",
                "doc_name" : "Salary slips for last 3 months"
            },
            {
                "doc_id" : "PHOTO",
                "doc_name" : "2 Passport Size photographs"
            }
        ]
    },
    {
        "prod_code": "CEQCLN",
        "product_description": "Enables purchase of new commercial equipments and refinance on existing equipment.",
        "features": ["Funding for wide variety of equipment.","Wide range of products.","Wide outreach.","Simple process."],
        "benefits":["Get funding for new and used equipments.","Choose from a wide range of products that meets your business.","Get funds anywhere across the country with our network spanning 120 locations.","Getting finance for your equipment is now hassle-free and in a quick turn-around time.","Bank may, at its sole discretion, utilize its agent/s if required or necessary."],
        "eligibility":["Any individual / partnership firm / company with more than two years in business.","Existing owner of construction equipment.","Applicants using equipment for self purpose, mine owners and contractors."],
        "documents": [
            {
                "doc_id" : "ID",
                "doc_name" : "Proof of Identity :  Passport / Driving License / Voters ID / PAN Card"
            },
            {
                "doc_id" : "ADDRESS",
                "doc_name" : "Proof of Residence :  Leave and License Agreement / Utility Bill/ Passport"
            },
            {
                "doc_id" : "INCOME",
                "doc_code" : "BKSMT",
                "doc_name" : "Latest 3 months Bank Statement (where salary/income is credited)" 
            },
            {
                "doc_id" : "INCOME",
                "doc_code" : "SLSIP",
                "doc_name" : "Salary slips for last 3 months"
            },
            {
                "doc_id" : "PHOTO",
                "doc_name" : "2 Passport Size photographs"
            }
        ]
    },
    {
        "prod_code": "TRACRD",
        "product_description": "Multicurrency Travel Card is the most convenient mode to carry currency while travelling overseas.",
        "features": ["Benefit of up to 8 currencies - AUD, USD, Euro, GBP, CAD, SAR, SGD and UAE Dirham."],
        "benefits":["Buy/Reload/Refund Travel Card online.","Instant Wallet to Wallet fund transfer.","Real-time account management.","Superior security.","Free Replacement Card in the kit.","Ease of usage at every corner of world.","Amazing offers & discounts at merchant outlets.","Duty-Free shopping at airports.","Free Comprehensive Travel Insurance.","Emergency Travel Assistance."],
        "eligibility":["It can be issued to Local residents and Foreign nationals residents.","It cannot be issued to NRI/NRE/NRO customers.","Existing customers have to mandatory mention PAN Card number.","Foreign Currency required in excess of USD 25,000 or its equivalent."],
        "documents": [
            {
                "doc_id" : "ID",
                "doc_name" : "Proof of Identity :  Passport / Driving License / Voters ID / PAN Card"
            },
            {
                "doc_id" : "ADDRESS",
                "doc_name" : "Proof of Residence :  Leave and License Agreement / Utility Bill/ Passport"
            },
            {
                "doc_id" : "INCOME",
                "doc_code" : "BKSMT",
                "doc_name" : "Latest 3 months Bank Statement (where salary/income is credited)" 
            },
            {
                "doc_id" : "INCOME",
                "doc_code" : "SLSIP",
                "doc_name" : "Salary slips for last 3 months"
            },
            {
                "doc_id" : "PHOTO",
                "doc_name" : "2 Passport Size photographs"
            }
        ]
    },
    {
        "prod_code": "CRECRD",
        "product_description":"Explore our range of Credit Cards tailored for your unique requirements.",
        "features": ["Earn up to 4X reward points on every 150 EUR spent.","Get up to 30,000 bonus reward points on annual retail spends of 10,000 EUR","Enjoy 2 Complimentary access in a  calendar quarter to Airport Lounges."],
        "benefits":["Complimentary access to Airport Lounges .","Earn up to 4X reward points.","Accumulate your reward points and redeem them against a host of redemption options.","Add-on Card will have all the benefits of your credit card.","Set the spend limit on your Add-on Card as you desire."],
        "eligibility":["Primary Credit Card holder should be 21 to 65 years of age.","Add-on Card holder should be 18 years and above.","Income above 20000 EUR per annum.","Must be a resident."],
        "documents": [
            {
                "doc_id" : "ID",
                "doc_name" : "Proof of Identity :  Passport / Driving License / Voters ID / PAN Card"
            },
            {
                "doc_id" : "ADDRESS",
                "doc_name" : "Proof of Residence :  Leave and License Agreement / Utility Bill/ Passport"
            },
            {
                "doc_id" : "INCOME",
                "doc_code" : "BKSMT",
                "doc_name" : "Latest 3 months Bank Statement (where salary/income is credited)" 
            },
            {
                "doc_id" : "INCOME",
                "doc_code" : "SLSIP",
                "doc_name" : "Salary slips for last 3 months"
            },
            {
                "doc_id" : "PHOTO",
                "doc_name" : "2 Passport Size photographs"
            }
        ]
    },
    {
        "prod_code": "COMCRD",
        "product_description": "Monitor & control employee expenses along with making re-conciliation hassle-free.",
        "features": ["Up to 50 days of interest free credit.","Enriched data for informed decision making and fact-based supplier negotiation.","Choice of liability options and controls over employee spending.","Sophisticated online reporting tools.","Dedicated relationship manager and support infrastructure for the company.","Two Billing dates to choose from.","Online e-statement with detailed spends breakup card account wise.","Platinum and Gold Variant.","Attractive Rebate Programme."],
        "benefits":["Enhanced spend visibility.","Better tracking and compliance.","Management information (MI) reporting and programme management.","Automation and electronic upload into enterprise resource planning (ERP) / general ledger system."],
        "eligibility":["For proprietors, partners, directors and employees of SMEs and Self-Employed segment."],
        "documents": [
            {
                "doc_id" : "ID",
                "doc_name" : "Proof of Identity :  Passport / Driving License / Voters ID / PAN Card"
            },
            {
                "doc_id" : "ADDRESS",
                "doc_name" : "Proof of Residence :  Leave and License Agreement / Utility Bill/ Passport"
            },
            {
                "doc_id" : "INCOME",
                "doc_code" : "BKSMT",
                "doc_name" : "Latest 3 months Bank Statement (where salary/income is credited)" 
            },
            {
                "doc_id" : "INCOME",
                "doc_code" : "SLSIP",
                "doc_name" : "Salary slips for last 3 months"
            },
            {
                "doc_id" : "PHOTO",
                "doc_name" : "2 Passport Size photographs"
            }
        ]
    },
    {
        "prod_code": "CPPINS",
        "product_description": "A comprehensive service in the event of card loss, theft and related fraud.",
        "features": ["One call to block all your lost or stolen cards.","Fraud protection - 15 days Pre Notification.","Free replacement of Loss Pan Card.","SIM Blocking & IMEI registration service.","Emergency Cash Advance Facility.","Emergency Travel & Hotel Assistance.","Valuable Document Registration."],
        "benefits":["Additional members who can be covered in one CPP membership.","24 hour loss reporting.","Free loss reporting telephone line.","Emergency Cash.","Emergency Hotel Bills Overseas.","Emergency travel tickets Overseas.","Comprehensive internet security powered by F-secure.","Lost PAN card Replacement Service.","SMS to Call-back Service."],
        "eligibility":["For proprietors, partners, directors and employees of SMEs and Self-Employed segment."],
        "documents": [
            {
                "doc_id" : "ID",
                "doc_name" : "Proof of Identity :  Passport / Driving License / Voters ID / PAN Card"
            },
            {
                "doc_id" : "ADDRESS",
                "doc_name" : "Proof of Residence :  Leave and License Agreement / Utility Bill/ Passport"
            },
            {
                "doc_id" : "INCOME",
                "doc_code" : "BKSMT",
                "doc_name" : "Latest 3 months Bank Statement (where salary/income is credited)" 
            },
            {
                "doc_id" : "INCOME",
                "doc_code" : "SLSIP",
                "doc_name" : "Salary slips for last 3 months"
            },
            {
                "doc_id" : "PHOTO",
                "doc_name" : "2 Passport Size photographs"
            }
        ]
    },
    {
        "prod_code": "TRMINS",
        "product_description": "provides coverage for a certain period of time, or a specified term of years.",
        "features": ["Temporary Coverage.","No Capital Build-up.","Fixed Coverage Amount.","Increasing Premiums.","Medical Exam for Qualification.","Tax-Free Inheritance."],
        "benefits":["It fits into a tight budget.","Get claim payout on first diagnosis of 34 critical illnesses.","Tax benefits under Section 80C, 80D & 10(10D).","Security of your loved one's future even in your absence.","Tax benefits."],
        "eligibility":["Minimum age at entry is 18 years.","Maximum age at entry is 60 years.","Maximum Cover ceasing age is 75 years.","Term of this rider is 5 to 35.","Minimum Term Assurance Rider Sum Assured is 100,000 EUR","Maximum Term Assurance Rider Sum Assured is 2,500,000 EUR"],
        "documents": [
            {
                "doc_id" : "ID",
                "doc_name" : "Proof of Identity :  Passport / Driving License / Voters ID / PAN Card"
            },
            {
                "doc_id" : "ADDRESS",
                "doc_name" : "Proof of Residence :  Leave and License Agreement / Utility Bill/ Passport"
            },
            {
                "doc_id" : "INCOME",
                "doc_code" : "BKSMT",
                "doc_name" : "Latest 3 months Bank Statement (where salary/income is credited)" 
            },
            {
                "doc_id" : "INCOME",
                "doc_code" : "SLSIP",
                "doc_name" : "Salary slips for last 3 months"
            },
            {
                "doc_id" : "PHOTO",
                "doc_name" : "2 Passport Size photographs"
            }
        ]
    },
    {
        "prod_code": "HLTINS",
        "product_description": "Covers the whole or a part of the risk of incurring medical expenses.",
        "features": ["Reimbursement for hospitalization due to disease/surgery.","Reimbursement for domiciliary hospitalization expenses in lieu of hospitalization.","Pre Hospitalization expenses up to 30 days.","Post Hospitalization expenses up to 60 days.","Age Limit : 5 years to 80 years","Children with age of 3 months to 5 years can be covered if any of the parent is covered."],
        "benefits":["Outpatient care the kind you get without being admitted to a hospital.","Trips to the emergency room.","Treatment in the hospital for inpatient care.","Care before and after your baby is born.","Mental health and substance use disorder services: This includes behavioral health treatment, counseling, and psychotherapy.","Your prescription drugs.","Services and devices to help you recover if you are injured, or have a disability or chronic condition. This includes physical and occupational therapy, speech-language pathology, psychiatric rehabilitation, and more.","Your lab tests.","Preventive services including counseling, screenings, and vaccines to keep you healthy and care for managing a chronic disease.","Pediatric services: This includes dental care and vision care for kids."],
        "eligibility":["Entry age to become a policyholder for adults is from 18 to 65 years.","The minimum age from which the children can avail health insurance is from 90 days to 18 years.","Coverage cost increases as you grow older on the basis of your medical background.","Buying health insurance is cost effective during early age as one can be free from pre-medical tests conducted by the insurers. However, in some cases, pre-medical tests may be mandatory."],
        "documents": [
            {
                "doc_id" : "ID",
                "doc_name" : "Proof of Identity :  Passport / Driving License / Voters ID / PAN Card"
            },
            {
                "doc_id" : "ADDRESS",
                "doc_name" : "Proof of Residence :  Leave and License Agreement / Utility Bill/ Passport"
            },
            {
                "doc_id" : "INCOME",
                "doc_code" : "BKSMT",
                "doc_name" : "Latest 3 months Bank Statement (where salary/income is credited)" 
            },
            {
                "doc_id" : "INCOME",
                "doc_code" : "SLSIP",
                "doc_name" : "Salary slips for last 3 months"
            },
            {
                "doc_id" : "PHOTO",
                "doc_name" : "2 Passport Size photographs"
            }
        ]
    },
    {
        "prod_code": "MOTINS",
        "product_description": "Provides financial protection against physical damage or bodily injury.",
        "features": [],
        "benefits":["Accessible from anywhere.","Easy, hassle-free and less time-consuming.","Low cost and paperless documentation.","Instant premium calculation and approval.","Easy endorsements.","Backup of all policy documents at one place.","Easy and timely policy renewal."],
        "eligibility":["Vechicle with proper documents."],
        "documents": [
            {
                "doc_id" : "ID",
                "doc_name" : "Proof of Identity :  Passport / Driving License / Voters ID / PAN Card"
            },
            {
                "doc_id" : "ADDRESS",
                "doc_name" : "Proof of Residence :  Leave and License Agreement / Utility Bill/ Passport"
            },
            {
                "doc_id" : "INCOME",
                "doc_code" : "BKSMT",
                "doc_name" : "Latest 3 months Bank Statement (where salary/income is credited)" 
            },
            {
                "doc_id" : "INCOME",
                "doc_code" : "SLSIP",
                "doc_name" : "Salary slips for last 3 months"
            },
            {
                "doc_id" : "PHOTO",
                "doc_name" : "2 Passport Size photographs"
            }
        ]
    },
    {
        "prod_code": "FIXDPT",
        "product_description": "Let the hard earned money earn for you through our fixed deposits.",
        "features": ["Flexible range of tenures to suit your investment plans.","Interest payable monthly, quarterly, half yearly, annually or at maturity as per your convenience.","Competitive interest rates.","Nomination facility available.","Partial withdrawals permitted.","Auto Renewal facility.","Special rates for Senior Citizens."],
        "benefits":["Earn interest as per your convenience with a maturity period ranging from 7 days to 10 years.","Earn interest compounded and reinvested with a maturity period from 6 months to 10 years."],
        "eligibility":["Residents.","Hindu Undivided Families.","Sole proprietorship firms.","Partnership firms.","Limited companies.","Trust accounts."],
        "documents": [
            {
                "doc_id" : "ID",
                "doc_name" : "Proof of Identity :  Passport / Driving License / Voters ID / PAN Card"
            },
            {
                "doc_id" : "ADDRESS",
                "doc_name" : "Proof of Residence :  Leave and License Agreement / Utility Bill/ Passport"
            },
            {
                "doc_id" : "INCOME",
                "doc_code" : "BKSMT",
                "doc_name" : "Latest 3 months Bank Statement (where salary/income is credited)" 
            },
            {
                "doc_id" : "INCOME",
                "doc_code" : "SLSIP",
                "doc_name" : "Salary slips for last 3 months"
            },
            {
                "doc_id" : "PHOTO",
                "doc_name" : "2 Passport Size photographs"
            }
        ]
    },
    {
        "prod_code": "SWPDPT",
        "product_description": "Sweep in/out Deposit facility ensures easy liquidity to meet your urgent needs at zero cost.",
        "features": ["Automatic transfer of amount in to term deposit for a specific period.","Transfer out of fixed deposit to fullfill the minimum balance amount in  CA/SB account."],
        "benefits":["Earn higher interest until it is swept-in, while the remaining continues to earn you interest.","Link multiple deposits to your Savings Account.","Enjoy flexibility in altering the period of deposit, maturity and payment instruction and roll over period.","Avail Sweep-in facility on deposit held in single name through Netbanking."],
        "eligibility":["Resident Individuals.","Hindu Undivided Families.","Societies, trusts.","Private and Public Limited Companies."],
        "documents": [
            {
                "doc_id" : "ID",
                "doc_name" : "Proof of Identity :  Passport / Driving License / Voters ID / PAN Card"
            },
            {
                "doc_id" : "ADDRESS",
                "doc_name" : "Proof of Residence :  Leave and License Agreement / Utility Bill/ Passport"
            },
            {
                "doc_id" : "INCOME",
                "doc_code" : "BKSMT",
                "doc_name" : "Latest 3 months Bank Statement (where salary/income is credited)" 
            },
            {
                "doc_id" : "INCOME",
                "doc_code" : "SLSIP",
                "doc_name" : "Salary slips for last 3 months"
            },
            {
                "doc_id" : "PHOTO",
                "doc_name" : "2 Passport Size photographs"
            }
        ]
    },
    {
        "prod_code": "RECDPT",
        "product_description": "We encourage you to invest a fixed amount every month for a fixed period.",
        "features": ["Deposit Tenor: 12 months to 120 months.","Nomination facility: Available.","Premature Closure: Allowed."],
        "benefits":["Transfer funds every month from your NRE Savings account.","Minimum instalment of 1,000 EUR only; and in multiples of 500 EUR thereafter.","Tenure can range from 1 year to 10 years.","Attractive interest rates available.","Free Internet Banking allows 24-hour access to your account from anywhere at any time.","Funds are fully repatriable.","Competitive exchange rates available when converting foreign currency into Rupees.","Interest earned not taxable."],
        "eligibility":["Resident can apply.","The minimum balance of deposit is 500 EUR per month and thereafter, in multiples of 100 EUR"],
        "documents": [
            {
                "doc_id" : "ID",
                "doc_name" : "Proof of Identity :  Passport / Driving License / Voters ID / PAN Card"
            },
            {
                "doc_id" : "ADDRESS",
                "doc_name" : "Proof of Residence :  Leave and License Agreement / Utility Bill/ Passport"
            },
            {
                "doc_id" : "INCOME",
                "doc_code" : "BKSMT",
                "doc_name" : "Latest 3 months Bank Statement (where salary/income is credited)" 
            },
            {
                "doc_id" : "INCOME",
                "doc_code" : "SLSIP",
                "doc_name" : "Salary slips for last 3 months"
            },
            {
                "doc_id" : "PHOTO",
                "doc_name" : "2 Passport Size photographs"
            }
        ]
    },
    {
        "prod_code": "SERDPT",
        "product_description": "Offers higher interest rates on deposits for people who have completed 60 years of age.",
        "features": ["Minimum Deposit amount: 10000 EUR","Interest Rate: + 0.50% than the actual rate for the general public.","TDS in Interest: Applicable.","Deposit Tenor: 7 days to 120 months.","Nomination facility: Available.","Premature Closure: Allowed."],
        "benefits":["Facility of Direct Credit of Interest to Bank Account.","Account Statement containing the details of Deposit Balance & transactions.","Phone Banking Facility (for queries)."],
        "eligibility":["An individual who has attained the age of 60 years and above.","Retired at any time before the commencement of these rules and attained the age of 55 years or more.","Retired personnel of Defence Services (excluding civilian Defence employees)."],
        "documents": [
            {
                "doc_id" : "ID",
                "doc_name" : "Proof of Identity :  Passport / Driving License / Voters ID / PAN Card"
            },
            {
                "doc_id" : "ADDRESS",
                "doc_name" : "Proof of Residence :  Leave and License Agreement / Utility Bill/ Passport"
            },
            {
                "doc_id" : "INCOME",
                "doc_code" : "BKSMT",
                "doc_name" : "Latest 3 months Bank Statement (where salary/income is credited)" 
            },
            {
                "doc_id" : "INCOME",
                "doc_code" : "SLSIP",
                "doc_name" : "Salary slips for last 3 months"
            },
            {
                "doc_id" : "PHOTO",
                "doc_name" : "2 Passport Size photographs"
            }
        ]
    },
    {
        "prod_code": "YOUDPT",
        "product_description": "Bank inculcates savings habit among children. By linking a guardian's Savings Bank Account with Flexi Recurring Deposit.",
        "features": ["Balance in Savings Bank account will be transferred to a Flexi.","Recurring Deposit on the last day of every month, leaving 100 EUR in the account.","Interest Rate: As applicable to term deposits in the case of Recurring Deposit.","TDS in Interest: As per current Income Tax regulations.","Deposit Tenure: 6 months to 120 months.","Nomination facility: Available.","Premature Closure: Allowed."],
        "benefits":["Fixed deposit scheme ensures that you save up for your kid's future with no hassles.","Fixed deposits can be opened for kids of one year old.","Minimum amount required to be deposited and interest earned will be deducted from income tax."],
        "eligibility":["Fixed deposits can be opened for kids as young as one year old.","As an 'Under Guardian' account, where the parent shall be operating the account.","By the minor himself/herself, if the minor's age is 12 years or more."],
        "documents": [
            {
                "doc_id" : "ID",
                "doc_name" : "Proof of Identity :  Passport / Driving License / Voters ID / PAN Card"
            },
            {
                "doc_id" : "ADDRESS",
                "doc_name" : "Proof of Residence :  Leave and License Agreement / Utility Bill/ Passport"
            },
            {
                "doc_id" : "INCOME",
                "doc_code" : "BKSMT",
                "doc_name" : "Latest 3 months Bank Statement (where salary/income is credited)" 
            },
            {
                "doc_id" : "INCOME",
                "doc_code" : "SLSIP",
                "doc_name" : "Salary slips for last 3 months"
            },
            {
                "doc_id" : "PHOTO",
                "doc_name" : "2 Passport Size photographs"
            }
        ]
    }
]
